latitude,longitude,land_cover,vegetation_index,ndvi_source
25.759582,85.050512,agriculture,0.312,synthetic_demo
25.625551,84.865372,forest,0.83,synthetic_demo
25.793439,85.113045,industrial,0.198,synthetic_demo
25.728947,84.886036,water,-0.11,synthetic_demo
25.487671,84.833527,industrial,0.173,synthetic_demo
25.840249,85.074267,forest,0.817,synthetic_demo
25.754456,85.160455,forest,0.869,synthetic_demo
25.764426,85.269781,mining,0.064,synthetic_demo
25.501245,85.23056,built_up,0.038,synthetic_demo
25.630154,85.271482,agriculture,0.303,synthetic_demo
25.598319,85.218038,water,-0.009,synthetic_demo
25.820706,85.186782,industrial,0.173,synthetic_demo
25.707546,84.805576,mining,0.069,synthetic_demo
25.779105,85.144356,industrial,0.012,synthetic_demo
25.627366,84.866265,forest,0.573,synthetic_demo
25.540895,84.832267,industrial,0.12,synthetic_demo
25.671834,84.886027,water,0.03,synthetic_demo
25.475527,85.252811,mining,0.06,synthetic_demo
25.781052,85.209117,agriculture,0.543,synthetic_demo
25.702666,85.321825,forest,0.74,synthetic_demo
25.753235,85.338437,forest,0.861,synthetic_demo
25.59181,85.291306,agriculture,0.625,synthetic_demo
25.838279,84.873109,forest,0.62,synthetic_demo
25.807248,85.283111,industrial,0.136,synthetic_demo
25.761353,85.26125,built_up,0.173,synthetic_demo
25.527855,85.279097,agriculture,0.669,synthetic_demo
25.636688,84.883427,mining,0.088,synthetic_demo
25.467522,84.864236,agriculture,0.329,synthetic_demo
25.511716,85.308095,forest,0.745,synthetic_demo
25.72322,84.895605,agriculture,0.55,synthetic_demo
25.747905,85.002742,industrial,0.054,synthetic_demo
25.837004,85.050792,agriculture,0.688,synthetic_demo
25.58033,84.868443,built_up,0.061,synthetic_demo
25.598184,84.811349,industrial,0.182,synthetic_demo
25.637822,85.34675,forest,0.699,synthetic_demo
25.525789,85.282161,mining,0.0,synthetic_demo
25.501969,85.301786,agriculture,0.494,synthetic_demo
25.640282,84.95651,agriculture,0.533,synthetic_demo
25.540764,84.921056,built_up,0.176,synthetic_demo
25.717926,85.034227,agriculture,0.493,synthetic_demo
25.624861,85.049326,industrial,0.019,synthetic_demo
25.783071,84.80308,built_up,0.187,synthetic_demo
25.730106,85.228589,mining,0.085,synthetic_demo
25.574947,85.348167,industrial,0.054,synthetic_demo
25.782904,85.09078,industrial,0.18,synthetic_demo
25.771906,85.013542,built_up,0.042,synthetic_demo
25.604991,85.016014,agriculture,0.294,synthetic_demo
25.565331,84.852842,forest,0.737,synthetic_demo
25.722998,84.946389,agriculture,0.531,synthetic_demo
25.505901,85.076173,built_up,0.112,synthetic_demo
25.529963,85.037516,agriculture,0.668,synthetic_demo
25.452945,85.099769,industrial,0.053,synthetic_demo
25.76477,85.266986,industrial,0.198,synthetic_demo
25.71594,84.923883,agriculture,0.259,synthetic_demo
25.732066,84.815215,mining,0.018,synthetic_demo
25.762292,84.821024,agriculture,0.334,synthetic_demo
25.633566,84.873793,forest,0.578,synthetic_demo
25.677496,85.113766,mining,0.066,synthetic_demo
25.505919,85.244502,forest,0.853,synthetic_demo
25.495812,85.287743,agriculture,0.619,synthetic_demo
25.717361,85.149312,industrial,0.149,synthetic_demo
25.638438,85.021729,built_up,0.021,synthetic_demo
25.676094,84.884983,built_up,0.176,synthetic_demo
25.756,85.02078,built_up,0.091,synthetic_demo
25.703887,84.982828,forest,0.806,synthetic_demo
25.671432,85.278514,agriculture,0.577,synthetic_demo
25.673683,85.067696,industrial,0.036,synthetic_demo
25.57158,84.924408,water,-0.071,synthetic_demo
25.462327,84.958841,industrial,0.185,synthetic_demo
25.624687,84.875059,agriculture,0.368,synthetic_demo
25.535834,85.305222,built_up,0.149,synthetic_demo
25.613411,84.82769,industrial,0.192,synthetic_demo
25.791361,84.807065,forest,0.676,synthetic_demo
25.543576,84.900644,industrial,0.078,synthetic_demo
25.473321,85.245981,agriculture,0.454,synthetic_demo
25.562554,85.087907,water,0.002,synthetic_demo
25.567438,85.144214,agriculture,0.448,synthetic_demo
25.714767,84.996752,water,-0.078,synthetic_demo
25.672813,84.837773,industrial,0.044,synthetic_demo
25.763559,85.270887,forest,0.896,synthetic_demo
25.715725,84.905542,mining,0.134,synthetic_demo
25.612555,84.818183,mining,0.09,synthetic_demo
25.775608,85.114987,forest,0.886,synthetic_demo
25.516789,84.845809,built_up,0.144,synthetic_demo
25.459085,84.852669,mining,0.144,synthetic_demo
25.486019,85.240207,built_up,0.049,synthetic_demo
25.738944,85.070385,agriculture,0.351,synthetic_demo
25.634751,84.93283,industrial,0.177,synthetic_demo
25.514509,84.991745,industrial,0.084,synthetic_demo
25.650418,85.201083,agriculture,0.417,synthetic_demo
25.510925,84.836495,agriculture,0.589,synthetic_demo
25.728528,84.864064,forest,0.771,synthetic_demo
25.628463,85.138944,forest,0.67,synthetic_demo
25.602408,85.133834,forest,0.689,synthetic_demo
25.570605,85.334854,agriculture,0.434,synthetic_demo
25.702113,85.006002,forest,0.594,synthetic_demo
25.594725,84.835793,forest,0.63,synthetic_demo
25.48506,85.095646,industrial,0.108,synthetic_demo
25.497202,85.151091,mining,0.117,synthetic_demo
25.834759,84.876782,agriculture,0.439,synthetic_demo
25.813432,85.104074,industrial,0.077,synthetic_demo
25.729883,84.908772,agriculture,0.543,synthetic_demo
25.556348,85.264602,agriculture,0.321,synthetic_demo
25.837671,85.259339,agriculture,0.421,synthetic_demo
25.7615,85.036296,agriculture,0.344,synthetic_demo
25.736756,85.331709,agriculture,0.543,synthetic_demo
25.629745,85.338876,built_up,0.04,synthetic_demo
25.558897,84.871088,industrial,0.09,synthetic_demo
25.488556,85.002243,forest,0.759,synthetic_demo
25.811041,85.130177,industrial,0.167,synthetic_demo
25.632311,84.846661,agriculture,0.576,synthetic_demo
25.530945,85.010461,agriculture,0.674,synthetic_demo
25.572383,84.943645,built_up,0.142,synthetic_demo
25.681688,85.323628,industrial,0.07,synthetic_demo
25.520709,85.026372,agriculture,0.354,synthetic_demo
25.792646,85.219469,forest,0.57,synthetic_demo
25.753408,85.012688,forest,0.647,synthetic_demo
25.737785,84.872497,built_up,0.045,synthetic_demo
25.622837,85.274733,industrial,0.074,synthetic_demo
25.700924,84.800229,forest,0.796,synthetic_demo
25.683639,84.830767,forest,0.792,synthetic_demo
25.709939,85.000411,built_up,0.077,synthetic_demo
25.483778,85.177794,industrial,0.102,synthetic_demo
25.616323,84.987937,mining,0.033,synthetic_demo
25.466646,84.836472,water,-0.074,synthetic_demo
25.647596,84.974812,built_up,0.112,synthetic_demo
25.581944,84.934739,forest,0.655,synthetic_demo
25.50781,84.802981,built_up,0.067,synthetic_demo
25.491361,85.094141,industrial,0.196,synthetic_demo
25.685058,84.864155,mining,0.081,synthetic_demo
25.518237,84.958123,agriculture,0.503,synthetic_demo
25.820048,85.152654,industrial,0.002,synthetic_demo
25.682424,85.198814,forest,0.614,synthetic_demo
25.588748,84.944901,built_up,0.084,synthetic_demo
25.686366,84.981057,mining,0.145,synthetic_demo
25.459122,84.9358,agriculture,0.329,synthetic_demo
25.833424,85.326289,agriculture,0.386,synthetic_demo
25.642921,84.904786,built_up,0.198,synthetic_demo
25.763094,84.900749,built_up,0.107,synthetic_demo
25.483092,85.044769,built_up,0.077,synthetic_demo
25.644663,84.904118,forest,0.772,synthetic_demo
25.646283,84.88619,agriculture,0.473,synthetic_demo
25.825131,84.852734,mining,0.144,synthetic_demo
25.678691,85.152094,industrial,0.017,synthetic_demo
25.639396,85.136645,forest,0.827,synthetic_demo
25.55679,85.15759,industrial,0.056,synthetic_demo
25.582628,85.225315,agriculture,0.613,synthetic_demo
25.658269,84.979497,built_up,0.173,synthetic_demo
25.625565,85.305133,industrial,0.17,synthetic_demo
25.458645,85.203263,agriculture,0.64,synthetic_demo
25.780517,85.24259,industrial,0.144,synthetic_demo
25.808464,85.196529,mining,0.021,synthetic_demo
25.5061,84.997151,built_up,0.029,synthetic_demo
25.671614,84.955668,agriculture,0.403,synthetic_demo
25.49343,85.032384,built_up,0.109,synthetic_demo
25.718896,84.853367,industrial,0.061,synthetic_demo
25.562494,85.048204,built_up,0.154,synthetic_demo
25.713769,84.823728,built_up,0.15,synthetic_demo
25.740798,84.80217,industrial,0.194,synthetic_demo
25.757459,85.312324,water,-0.1,synthetic_demo
25.493096,85.179135,industrial,0.157,synthetic_demo
25.816405,85.109016,agriculture,0.584,synthetic_demo
25.542086,84.987606,industrial,0.198,synthetic_demo
25.464965,85.113796,built_up,0.159,synthetic_demo
25.671941,85.290367,industrial,0.057,synthetic_demo
25.598369,85.158809,industrial,0.003,synthetic_demo
25.781916,85.131365,agriculture,0.686,synthetic_demo
25.773301,85.053112,water,-0.021,synthetic_demo
25.576856,84.990133,forest,0.834,synthetic_demo
25.83116,85.184201,agriculture,0.607,synthetic_demo
25.566367,85.33954,agriculture,0.581,synthetic_demo
25.656023,85.033617,built_up,0.155,synthetic_demo
25.552386,85.015713,forest,0.875,synthetic_demo
25.824417,85.035462,agriculture,0.661,synthetic_demo
25.515843,85.034049,water,-0.105,synthetic_demo
25.467964,85.344844,forest,0.561,synthetic_demo
25.624039,85.188728,agriculture,0.267,synthetic_demo
25.84695,84.997551,mining,0.067,synthetic_demo
25.806671,85.004326,forest,0.842,synthetic_demo
25.749443,85.036938,forest,0.847,synthetic_demo
25.806317,84.820192,forest,0.692,synthetic_demo
25.807379,85.090299,built_up,0.074,synthetic_demo
25.657543,85.24626,mining,0.076,synthetic_demo
25.576372,85.163312,agriculture,0.625,synthetic_demo
25.758805,84.909131,agriculture,0.536,synthetic_demo
25.714665,85.200419,forest,0.599,synthetic_demo
25.599463,85.195702,industrial,0.072,synthetic_demo
25.487787,84.944397,industrial,0.111,synthetic_demo
25.748716,85.142581,industrial,0.108,synthetic_demo
25.554984,85.136022,industrial,0.166,synthetic_demo
25.824725,85.261883,built_up,0.188,synthetic_demo
25.546388,84.87484,industrial,0.02,synthetic_demo
25.499103,84.907161,industrial,0.045,synthetic_demo
25.782445,85.067283,forest,0.687,synthetic_demo
25.511314,84.82428,forest,0.654,synthetic_demo
25.521707,85.028577,industrial,0.082,synthetic_demo
25.689753,85.23352,industrial,0.008,synthetic_demo
25.799825,84.881793,forest,0.573,synthetic_demo
25.528574,85.052972,agriculture,0.627,synthetic_demo
25.574129,85.344373,built_up,0.038,synthetic_demo
25.760962,85.078256,mining,0.124,synthetic_demo
25.838731,85.074078,built_up,0.075,synthetic_demo
25.650296,85.107336,agriculture,0.389,synthetic_demo
25.507559,84.902302,mining,0.015,synthetic_demo
25.455575,84.88094,agriculture,0.256,synthetic_demo
25.541862,85.172545,agriculture,0.41,synthetic_demo
25.502729,85.017672,agriculture,0.626,synthetic_demo
25.721063,84.959449,forest,0.872,synthetic_demo
25.498733,84.817265,forest,0.572,synthetic_demo
25.652532,85.265328,industrial,0.006,synthetic_demo
25.727705,84.817781,built_up,0.049,synthetic_demo
25.682447,85.212491,industrial,0.153,synthetic_demo
25.52991,85.010094,built_up,0.057,synthetic_demo
25.77165,85.129278,mining,0.035,synthetic_demo
25.736163,84.936223,agriculture,0.65,synthetic_demo
25.745594,84.88547,industrial,0.175,synthetic_demo
25.502423,85.093363,agriculture,0.552,synthetic_demo
25.499502,85.18259,forest,0.607,synthetic_demo
25.821025,84.907521,water,-0.105,synthetic_demo
25.609031,85.039997,built_up,0.063,synthetic_demo
25.570379,85.04456,built_up,0.141,synthetic_demo
25.645434,84.918789,agriculture,0.601,synthetic_demo
25.715146,85.110777,built_up,0.046,synthetic_demo
25.832249,84.880265,built_up,0.182,synthetic_demo
25.564578,85.080362,industrial,0.093,synthetic_demo
25.819923,84.862387,forest,0.828,synthetic_demo
25.459944,85.067048,industrial,0.01,synthetic_demo
25.672079,84.971379,agriculture,0.412,synthetic_demo
25.70359,85.048735,mining,0.002,synthetic_demo
25.492359,85.038562,agriculture,0.573,synthetic_demo
25.506136,85.299363,agriculture,0.286,synthetic_demo
25.617646,85.069465,mining,0.051,synthetic_demo
25.836493,85.250174,industrial,0.156,synthetic_demo
25.688417,84.924109,industrial,0.15,synthetic_demo
25.823209,84.993646,mining,0.096,synthetic_demo
25.771744,84.841299,mining,0.104,synthetic_demo
25.636953,85.031411,built_up,0.137,synthetic_demo
25.763905,85.167785,forest,0.774,synthetic_demo
25.457135,85.260992,water,-0.113,synthetic_demo
25.493658,85.111253,built_up,0.025,synthetic_demo
25.781771,85.15204,built_up,0.1,synthetic_demo
25.768727,84.897497,forest,0.566,synthetic_demo
25.543056,84.820463,agriculture,0.461,synthetic_demo
25.662308,85.235428,built_up,0.104,synthetic_demo
25.692406,84.891871,mining,0.027,synthetic_demo
25.797096,84.850143,agriculture,0.603,synthetic_demo
25.691243,85.315659,agriculture,0.567,synthetic_demo
25.615029,85.329937,built_up,0.121,synthetic_demo
25.599674,85.138942,agriculture,0.667,synthetic_demo
25.620353,85.00825,agriculture,0.379,synthetic_demo
25.710772,85.258282,industrial,0.052,synthetic_demo
25.796996,84.912596,industrial,0.037,synthetic_demo
25.631559,85.036166,built_up,0.118,synthetic_demo
25.549136,84.99636,industrial,0.041,synthetic_demo
25.544665,85.301985,industrial,0.174,synthetic_demo
25.748406,85.305878,mining,0.046,synthetic_demo
25.776628,85.157987,built_up,0.108,synthetic_demo
25.492111,84.860907,industrial,0.106,synthetic_demo
25.476624,85.065206,forest,0.658,synthetic_demo
25.687773,84.934931,built_up,0.153,synthetic_demo
25.508469,85.286704,agriculture,0.561,synthetic_demo
25.779866,84.876122,agriculture,0.592,synthetic_demo
25.574134,84.829871,agriculture,0.523,synthetic_demo
25.507549,85.187436,forest,0.711,synthetic_demo
25.818388,85.049307,built_up,0.101,synthetic_demo
25.516213,85.261101,industrial,0.143,synthetic_demo
25.563888,84.841046,agriculture,0.42,synthetic_demo
25.511445,85.240592,industrial,0.087,synthetic_demo
25.496196,84.820534,industrial,0.033,synthetic_demo
25.458459,84.815439,industrial,0.136,synthetic_demo
25.472158,85.053724,mining,0.012,synthetic_demo
25.519857,84.92171,industrial,0.198,synthetic_demo
25.471353,85.126545,forest,0.6,synthetic_demo
25.686458,84.814199,industrial,0.077,synthetic_demo
25.722286,84.819464,built_up,0.063,synthetic_demo
25.607452,85.199932,agriculture,0.381,synthetic_demo
25.577196,84.915591,mining,0.048,synthetic_demo
25.65181,85.161029,built_up,0.149,synthetic_demo
25.800002,85.212457,agriculture,0.33,synthetic_demo
25.790453,84.832632,built_up,0.067,synthetic_demo
25.46739,85.223365,industrial,0.02,synthetic_demo
25.522599,84.947632,water,-0.117,synthetic_demo
25.544698,85.01425,water,0.035,synthetic_demo
25.549755,84.847652,forest,0.683,synthetic_demo
25.678493,85.261246,agriculture,0.6,synthetic_demo
25.616505,85.108401,forest,0.712,synthetic_demo
25.469702,85.077566,agriculture,0.452,synthetic_demo
25.599446,85.332705,built_up,0.168,synthetic_demo
25.659501,84.983978,mining,0.004,synthetic_demo
25.490669,85.289929,forest,0.853,synthetic_demo
25.783383,85.195828,built_up,0.107,synthetic_demo
25.470785,85.31069,built_up,0.083,synthetic_demo
25.819937,85.299291,forest,0.867,synthetic_demo
25.489645,85.345066,agriculture,0.403,synthetic_demo
25.78743,84.872422,built_up,0.196,synthetic_demo
25.811061,85.237809,built_up,0.189,synthetic_demo
25.841828,85.242472,water,-0.133,synthetic_demo
25.77081,85.154405,industrial,0.068,synthetic_demo
25.761791,84.953374,forest,0.834,synthetic_demo
25.706993,85.330832,industrial,0.039,synthetic_demo
25.761599,84.912432,industrial,0.146,synthetic_demo
25.503821,85.074766,agriculture,0.308,synthetic_demo
25.664427,85.086818,mining,0.031,synthetic_demo
25.655689,84.889006,agriculture,0.475,synthetic_demo
25.793029,85.197391,built_up,0.154,synthetic_demo
25.63512,84.848877,forest,0.809,synthetic_demo
25.604036,85.181204,forest,0.763,synthetic_demo
25.705825,85.266739,built_up,0.069,synthetic_demo
25.556585,84.992168,built_up,0.095,synthetic_demo
25.505907,85.190181,forest,0.636,synthetic_demo
25.641151,84.886226,mining,0.042,synthetic_demo
25.616756,85.265272,agriculture,0.395,synthetic_demo
25.543028,85.323617,industrial,0.12,synthetic_demo
25.597005,84.883982,agriculture,0.343,synthetic_demo
25.596557,85.180523,built_up,0.028,synthetic_demo
25.580998,85.078207,forest,0.792,synthetic_demo
25.601786,85.092325,built_up,0.024,synthetic_demo
25.724297,85.188569,agriculture,0.687,synthetic_demo
25.568751,85.068807,agriculture,0.408,synthetic_demo
25.829543,85.13018,mining,0.001,synthetic_demo
25.816539,84.926996,agriculture,0.648,synthetic_demo
25.642364,85.008179,agriculture,0.52,synthetic_demo
25.581344,85.275882,industrial,0.163,synthetic_demo
25.664174,84.860446,forest,0.702,synthetic_demo
25.789424,85.128666,forest,0.674,synthetic_demo
25.711035,84.901358,industrial,0.131,synthetic_demo
25.771757,85.265597,agriculture,0.433,synthetic_demo
25.663089,85.118474,industrial,0.111,synthetic_demo
25.703167,85.021677,forest,0.647,synthetic_demo
25.565262,84.937404,agriculture,0.4,synthetic_demo
25.743957,85.040265,forest,0.579,synthetic_demo
25.530962,85.326687,agriculture,0.602,synthetic_demo
25.727919,85.080065,built_up,0.083,synthetic_demo
25.794288,85.058219,forest,0.891,synthetic_demo
25.502841,85.210451,industrial,0.052,synthetic_demo
25.695752,85.008476,agriculture,0.464,synthetic_demo
25.488038,85.035083,industrial,0.061,synthetic_demo
25.740286,84.985321,agriculture,0.562,synthetic_demo
25.483797,84.883006,built_up,0.166,synthetic_demo
25.824376,85.192595,agriculture,0.469,synthetic_demo
25.504963,85.280167,agriculture,0.415,synthetic_demo
25.833552,85.298076,mining,0.112,synthetic_demo
25.770354,85.284442,industrial,0.038,synthetic_demo
25.687473,85.048481,mining,0.09,synthetic_demo
25.76305,84.956236,built_up,0.152,synthetic_demo
25.768046,85.150858,agriculture,0.371,synthetic_demo
25.828411,85.325088,industrial,0.131,synthetic_demo
25.551353,85.199878,industrial,0.147,synthetic_demo
25.68603,85.072167,mining,0.018,synthetic_demo
25.48802,85.178845,forest,0.663,synthetic_demo
25.696466,85.224896,mining,0.061,synthetic_demo
25.518517,85.305598,agriculture,0.599,synthetic_demo
25.67598,85.219769,agriculture,0.505,synthetic_demo
25.678972,85.038255,agriculture,0.452,synthetic_demo
25.636394,84.950484,forest,0.662,synthetic_demo
25.659053,85.074935,agriculture,0.252,synthetic_demo
25.755569,84.980498,mining,0.003,synthetic_demo
25.769698,85.318521,forest,0.634,synthetic_demo
25.646861,85.079381,mining,0.018,synthetic_demo
25.689837,85.059631,water,-0.17,synthetic_demo
25.822494,84.991508,industrial,0.121,synthetic_demo
25.497893,85.151674,agriculture,0.522,synthetic_demo
25.496841,85.086028,industrial,0.009,synthetic_demo
25.485084,84.870977,agriculture,0.517,synthetic_demo
25.713145,85.278064,water,-0.164,synthetic_demo
25.617443,84.997457,mining,0.057,synthetic_demo
25.759729,85.037918,mining,0.148,synthetic_demo
25.718493,84.913117,forest,0.733,synthetic_demo
25.583455,85.104369,agriculture,0.265,synthetic_demo
25.809347,85.18613,forest,0.672,synthetic_demo
25.755013,85.284641,mining,0.101,synthetic_demo
25.558214,84.828384,industrial,0.045,synthetic_demo
25.595677,85.335333,industrial,0.193,synthetic_demo
25.575776,85.1871,industrial,0.085,synthetic_demo
25.513045,84.956364,industrial,0.004,synthetic_demo
25.509113,84.912461,industrial,0.108,synthetic_demo
25.824451,84.962848,industrial,0.135,synthetic_demo
25.625162,85.281649,mining,0.068,synthetic_demo
25.603328,84.960265,built_up,0.187,synthetic_demo
25.741874,85.054552,forest,0.866,synthetic_demo
25.671197,85.188156,built_up,0.045,synthetic_demo
25.824456,85.279594,agriculture,0.286,synthetic_demo
25.762121,85.162214,built_up,0.076,synthetic_demo
25.641748,85.21421,forest,0.763,synthetic_demo
25.600544,84.89533,agriculture,0.521,synthetic_demo
25.844653,85.282574,forest,0.645,synthetic_demo
25.737104,84.951646,industrial,0.19,synthetic_demo
25.830478,84.870608,agriculture,0.388,synthetic_demo
25.497391,85.336934,built_up,0.165,synthetic_demo
25.790213,84.910902,built_up,0.17,synthetic_demo
25.70483,84.875159,forest,0.584,synthetic_demo
25.498769,85.144311,agriculture,0.355,synthetic_demo
25.685303,84.975375,built_up,0.059,synthetic_demo
25.724439,84.873342,industrial,0.184,synthetic_demo
25.454921,85.130617,industrial,0.07,synthetic_demo
25.631727,85.217442,forest,0.843,synthetic_demo
25.78016,85.236259,forest,0.717,synthetic_demo
25.568144,84.885532,forest,0.71,synthetic_demo
25.633419,85.106277,industrial,0.181,synthetic_demo
25.626926,85.247523,agriculture,0.448,synthetic_demo
25.570771,84.888598,built_up,0.154,synthetic_demo
25.817377,84.914225,built_up,0.096,synthetic_demo
25.762518,84.801326,built_up,0.038,synthetic_demo
25.494235,85.088549,forest,0.569,synthetic_demo
25.848814,84.907075,mining,0.031,synthetic_demo
25.80168,85.198333,built_up,0.15,synthetic_demo
25.563563,85.329218,agriculture,0.418,synthetic_demo
25.784759,84.914816,forest,0.709,synthetic_demo
25.492568,85.157003,agriculture,0.296,synthetic_demo
25.849642,84.916509,agriculture,0.53,synthetic_demo
25.716274,84.809904,built_up,0.165,synthetic_demo
25.71005,85.217205,built_up,0.132,synthetic_demo
25.486176,85.038703,mining,0.148,synthetic_demo
25.808813,85.320733,mining,0.002,synthetic_demo
25.4616,85.093857,agriculture,0.257,synthetic_demo
25.546331,84.886616,water,-0.075,synthetic_demo
25.507209,85.047376,mining,0.04,synthetic_demo
25.760707,84.91159,industrial,0.137,synthetic_demo
25.529282,85.282916,agriculture,0.607,synthetic_demo
25.814255,85.179997,industrial,0.02,synthetic_demo
25.712508,84.987681,forest,0.871,synthetic_demo
25.464465,85.090301,forest,0.56,synthetic_demo
25.452172,85.168214,agriculture,0.56,synthetic_demo
25.470663,85.230572,industrial,0.077,synthetic_demo
25.69237,84.844081,forest,0.784,synthetic_demo
25.770593,84.812385,industrial,0.02,synthetic_demo
25.545421,84.862949,built_up,0.189,synthetic_demo
25.789764,85.017248,mining,0.141,synthetic_demo
25.472893,85.056689,water,-0.07,synthetic_demo
25.770386,84.875054,agriculture,0.479,synthetic_demo
25.821118,85.026134,forest,0.772,synthetic_demo
25.758843,85.042893,mining,0.087,synthetic_demo
25.729248,84.859999,industrial,0.109,synthetic_demo
25.785192,85.304163,water,-0.053,synthetic_demo
25.466061,85.12953,built_up,0.175,synthetic_demo
25.530713,85.013695,agriculture,0.525,synthetic_demo
25.499969,85.078799,industrial,0.039,synthetic_demo
25.651812,84.972809,industrial,0.183,synthetic_demo
25.748075,85.269882,agriculture,0.347,synthetic_demo
25.702005,85.116258,agriculture,0.324,synthetic_demo
25.790452,85.072193,built_up,0.199,synthetic_demo
25.512085,85.300987,agriculture,0.346,synthetic_demo
25.743848,85.260889,agriculture,0.295,synthetic_demo
25.527217,85.247041,forest,0.747,synthetic_demo
25.558304,84.924085,agriculture,0.622,synthetic_demo
25.733962,84.884218,industrial,0.012,synthetic_demo
25.842082,85.179553,built_up,0.108,synthetic_demo
25.694617,85.057753,agriculture,0.281,synthetic_demo
25.4718,85.176042,built_up,0.097,synthetic_demo
25.696524,85.218345,agriculture,0.405,synthetic_demo
25.46694,84.962422,forest,0.598,synthetic_demo
25.803658,84.956558,built_up,0.188,synthetic_demo
25.733831,85.069957,built_up,0.134,synthetic_demo
25.519251,84.950452,built_up,0.172,synthetic_demo
25.486688,85.167012,agriculture,0.658,synthetic_demo
25.523413,85.210702,mining,0.14,synthetic_demo
25.842011,85.059621,forest,0.812,synthetic_demo
25.633424,85.19809,agriculture,0.388,synthetic_demo
25.763632,85.080741,built_up,0.169,synthetic_demo
25.704563,85.192079,industrial,0.104,synthetic_demo
25.678965,84.923733,built_up,0.069,synthetic_demo
25.508052,85.206364,forest,0.685,synthetic_demo
25.82841,85.193318,industrial,0.06,synthetic_demo
25.570537,84.946633,industrial,0.093,synthetic_demo
25.681207,85.105784,built_up,0.161,synthetic_demo
25.72991,85.270421,built_up,0.107,synthetic_demo
25.709693,84.937237,forest,0.644,synthetic_demo
25.826238,85.204789,industrial,0.017,synthetic_demo
25.509376,85.324682,forest,0.85,synthetic_demo
25.653341,85.276433,forest,0.696,synthetic_demo
25.611614,85.020836,built_up,0.1,synthetic_demo
25.639667,85.133964,forest,0.817,synthetic_demo
25.497687,85.345474,forest,0.847,synthetic_demo
25.503638,85.112641,industrial,0.102,synthetic_demo
25.56123,84.863265,agriculture,0.535,synthetic_demo
25.571882,84.824987,built_up,0.063,synthetic_demo
25.621161,85.234673,built_up,0.188,synthetic_demo
25.694395,85.032996,agriculture,0.506,synthetic_demo
25.703852,84.935747,water,-0.02,synthetic_demo
25.614724,84.99122,agriculture,0.301,synthetic_demo
25.613513,85.216555,mining,0.096,synthetic_demo
25.537051,85.055886,agriculture,0.416,synthetic_demo
25.685322,85.277675,industrial,0.09,synthetic_demo
25.576816,85.204209,built_up,0.143,synthetic_demo
25.464424,85.335708,agriculture,0.608,synthetic_demo
25.61736,85.288677,built_up,0.083,synthetic_demo
25.639653,84.940001,industrial,0.175,synthetic_demo
25.540237,85.162483,agriculture,0.349,synthetic_demo
25.678983,84.811299,mining,0.084,synthetic_demo
25.676309,85.345109,forest,0.603,synthetic_demo
25.730801,84.943553,industrial,0.058,synthetic_demo
25.709179,85.165637,forest,0.863,synthetic_demo
25.710973,85.267034,agriculture,0.255,synthetic_demo
25.576486,84.888256,built_up,0.185,synthetic_demo
25.764973,85.266334,agriculture,0.398,synthetic_demo
25.669658,84.806735,mining,0.104,synthetic_demo
25.622567,85.043087,agriculture,0.291,synthetic_demo
25.700405,85.059621,forest,0.774,synthetic_demo
25.594263,85.00575,forest,0.868,synthetic_demo
25.655096,85.122512,forest,0.744,synthetic_demo
25.744682,85.303163,built_up,0.085,synthetic_demo
25.804561,84.979844,industrial,0.159,synthetic_demo
25.818423,85.118593,forest,0.799,synthetic_demo
25.651453,85.282604,mining,0.018,synthetic_demo
25.65811,85.225147,agriculture,0.55,synthetic_demo
25.769948,84.822403,industrial,0.133,synthetic_demo
25.57578,85.318535,built_up,0.155,synthetic_demo
25.784953,84.825656,agriculture,0.392,synthetic_demo
25.647657,85.123817,mining,0.06,synthetic_demo
25.496343,85.116444,built_up,0.193,synthetic_demo
25.478824,85.232515,industrial,0.115,synthetic_demo
25.786797,84.881644,forest,0.728,synthetic_demo
25.472227,84.898654,forest,0.895,synthetic_demo
25.562245,85.213659,built_up,0.061,synthetic_demo
25.583652,84.882228,agriculture,0.429,synthetic_demo
25.519198,85.058195,built_up,0.157,synthetic_demo
25.575557,85.202406,agriculture,0.571,synthetic_demo
25.747077,85.158183,forest,0.888,synthetic_demo
25.455873,84.915832,industrial,0.131,synthetic_demo
25.780869,84.967178,forest,0.66,synthetic_demo
25.792619,85.332936,agriculture,0.429,synthetic_demo
25.598905,85.046769,agriculture,0.29,synthetic_demo
25.511445,84.824452,mining,0.139,synthetic_demo
25.690336,84.920772,forest,0.595,synthetic_demo
25.497869,84.988339,built_up,0.118,synthetic_demo
25.595968,85.349719,industrial,0.08,synthetic_demo
25.833372,84.96648,built_up,0.044,synthetic_demo
25.848186,84.814518,industrial,0.059,synthetic_demo
25.758842,85.082107,built_up,0.134,synthetic_demo
25.574385,84.845983,industrial,0.006,synthetic_demo
25.725066,84.950737,industrial,0.193,synthetic_demo
25.732163,85.345811,agriculture,0.659,synthetic_demo
25.605137,85.187551,forest,0.58,synthetic_demo
25.706355,84.827867,agriculture,0.641,synthetic_demo
25.454291,85.046778,forest,0.665,synthetic_demo
25.533623,84.894401,water,-0.183,synthetic_demo
25.660035,84.86762,forest,0.657,synthetic_demo
25.515501,85.122886,agriculture,0.614,synthetic_demo
25.516363,85.078111,mining,0.1,synthetic_demo
25.784522,85.208577,built_up,0.063,synthetic_demo
25.845653,85.290768,forest,0.802,synthetic_demo
25.672388,84.935675,agriculture,0.569,synthetic_demo
25.785628,85.307646,industrial,0.149,synthetic_demo
25.846129,85.084895,agriculture,0.493,synthetic_demo
25.506638,84.942359,agriculture,0.619,synthetic_demo
25.629298,85.265182,built_up,0.135,synthetic_demo
25.607029,84.819541,built_up,0.043,synthetic_demo
25.48202,85.10773,industrial,0.162,synthetic_demo
25.752132,85.196892,industrial,0.065,synthetic_demo
25.623512,84.953988,forest,0.797,synthetic_demo
25.637731,85.274921,agriculture,0.554,synthetic_demo
25.510269,84.932157,forest,0.668,synthetic_demo
25.522371,85.261931,agriculture,0.323,synthetic_demo
25.812841,84.8432,agriculture,0.563,synthetic_demo
25.46786,84.88796,mining,0.127,synthetic_demo
25.543141,85.009542,agriculture,0.627,synthetic_demo
25.566824,85.269731,industrial,0.125,synthetic_demo
25.646079,84.879522,forest,0.63,synthetic_demo
25.684578,85.281491,agriculture,0.392,synthetic_demo
25.647316,84.926352,forest,0.814,synthetic_demo
25.483646,85.04888,forest,0.694,synthetic_demo
25.547467,84.994004,forest,0.806,synthetic_demo
25.787435,84.864969,built_up,0.076,synthetic_demo
25.705035,85.31937,mining,0.001,synthetic_demo
25.70966,85.040998,forest,0.761,synthetic_demo
25.718081,85.179682,industrial,0.12,synthetic_demo
25.755161,85.116397,agriculture,0.532,synthetic_demo
25.473243,85.075944,forest,0.644,synthetic_demo
25.596643,85.139118,water,0.003,synthetic_demo
25.665811,85.294088,agriculture,0.469,synthetic_demo
25.585383,85.184622,built_up,0.157,synthetic_demo
25.787792,85.092864,mining,0.092,synthetic_demo
25.643029,85.154852,agriculture,0.437,synthetic_demo
25.757451,85.133517,forest,0.788,synthetic_demo
25.790806,85.038217,agriculture,0.509,synthetic_demo
25.651917,85.14362,agriculture,0.48,synthetic_demo
25.813821,85.043963,agriculture,0.542,synthetic_demo
25.68485,85.216688,water,-0.179,synthetic_demo
25.79011,85.332902,forest,0.869,synthetic_demo
25.586236,85.327926,agriculture,0.401,synthetic_demo
25.649527,85.251405,industrial,0.045,synthetic_demo
25.662564,85.130967,industrial,0.154,synthetic_demo
25.491992,85.212133,agriculture,0.354,synthetic_demo
25.609421,84.897927,built_up,0.199,synthetic_demo
25.816935,85.06346,agriculture,0.439,synthetic_demo
25.702333,84.941518,forest,0.654,synthetic_demo
25.521003,84.801922,industrial,0.012,synthetic_demo
25.585542,85.331706,agriculture,0.269,synthetic_demo
25.526641,85.275117,agriculture,0.293,synthetic_demo
25.459929,85.082534,built_up,0.021,synthetic_demo
25.820984,84.939784,agriculture,0.397,synthetic_demo
25.629283,85.181136,mining,0.047,synthetic_demo
25.573014,85.039141,built_up,0.097,synthetic_demo
25.689391,85.241842,forest,0.632,synthetic_demo
25.452926,85.349735,agriculture,0.278,synthetic_demo
25.561209,84.991995,built_up,0.033,synthetic_demo
25.731213,84.934422,water,-0.154,synthetic_demo
25.703508,84.94706,agriculture,0.392,synthetic_demo
25.842722,84.85134,agriculture,0.317,synthetic_demo
25.698143,85.016725,forest,0.678,synthetic_demo
25.641002,84.809584,built_up,0.186,synthetic_demo
25.754573,84.862918,mining,0.039,synthetic_demo
25.811331,84.949433,mining,0.025,synthetic_demo
25.738278,84.887925,industrial,0.133,synthetic_demo
25.835284,85.202688,forest,0.722,synthetic_demo
25.762802,84.858083,built_up,0.029,synthetic_demo
25.796721,85.276297,agriculture,0.605,synthetic_demo
25.495642,84.921613,mining,0.107,synthetic_demo
25.742965,84.859725,forest,0.892,synthetic_demo
25.626035,84.805559,built_up,0.189,synthetic_demo
25.671242,85.193363,built_up,0.125,synthetic_demo
25.711641,84.941139,industrial,0.137,synthetic_demo
25.837926,85.080224,industrial,0.082,synthetic_demo
25.843831,84.861389,built_up,0.18,synthetic_demo
25.565291,85.341913,industrial,0.111,synthetic_demo
25.743501,84.868962,built_up,0.079,synthetic_demo
25.749993,85.026559,agriculture,0.254,synthetic_demo
25.588597,85.268407,agriculture,0.514,synthetic_demo
25.499548,84.934688,forest,0.734,synthetic_demo
25.466379,84.946834,water,0.003,synthetic_demo
25.760937,85.244675,built_up,0.054,synthetic_demo
25.64588,84.950337,built_up,0.167,synthetic_demo
25.844216,84.801579,built_up,0.023,synthetic_demo
25.635989,85.035353,agriculture,0.514,synthetic_demo
25.841167,84.806894,mining,0.06,synthetic_demo
25.61463,85.300386,agriculture,0.399,synthetic_demo
25.767473,85.152997,agriculture,0.445,synthetic_demo
25.483928,85.120658,forest,0.628,synthetic_demo
25.672185,84.910874,forest,0.614,synthetic_demo
25.770824,85.18497,built_up,0.165,synthetic_demo
25.819881,85.17249,forest,0.63,synthetic_demo
25.779033,84.833255,built_up,0.153,synthetic_demo
25.464788,85.284466,water,-0.022,synthetic_demo
25.599081,85.118677,agriculture,0.265,synthetic_demo
25.469479,85.235857,industrial,0.176,synthetic_demo
25.493713,84.944603,built_up,0.162,synthetic_demo
25.720122,84.867126,industrial,0.159,synthetic_demo
25.735303,85.186347,built_up,0.166,synthetic_demo
25.759488,85.236635,agriculture,0.512,synthetic_demo
25.796183,85.012318,agriculture,0.697,synthetic_demo
25.745773,84.813031,agriculture,0.331,synthetic_demo
25.770349,85.25004,agriculture,0.283,synthetic_demo
25.469585,84.913352,forest,0.796,synthetic_demo
25.543814,84.986468,forest,0.653,synthetic_demo
25.698759,85.145527,agriculture,0.524,synthetic_demo
25.79325,84.854975,mining,0.059,synthetic_demo
25.4518,84.839598,industrial,0.067,synthetic_demo
25.655852,84.814137,forest,0.863,synthetic_demo
25.720915,85.304152,industrial,0.028,synthetic_demo
25.461843,84.971261,agriculture,0.335,synthetic_demo
25.610542,85.163362,industrial,0.134,synthetic_demo
25.808254,85.344079,built_up,0.161,synthetic_demo
25.718645,85.168198,industrial,0.166,synthetic_demo
25.545063,85.088802,built_up,0.062,synthetic_demo
25.791112,85.086506,forest,0.859,synthetic_demo
25.589213,85.007304,agriculture,0.524,synthetic_demo
25.791338,85.129879,industrial,0.165,synthetic_demo
25.569577,85.327335,built_up,0.032,synthetic_demo
25.686128,85.233424,mining,0.054,synthetic_demo
25.608776,85.033325,forest,0.734,synthetic_demo
25.55993,84.982845,water,-0.056,synthetic_demo
25.804623,85.285942,forest,0.585,synthetic_demo
25.525037,84.874682,agriculture,0.492,synthetic_demo
25.483925,85.267272,built_up,0.14,synthetic_demo
25.586771,84.940292,industrial,0.072,synthetic_demo
25.737056,85.193596,agriculture,0.475,synthetic_demo
25.772973,85.243421,industrial,0.059,synthetic_demo
25.849497,85.062348,built_up,0.177,synthetic_demo
25.568545,84.905756,agriculture,0.52,synthetic_demo
25.613177,85.264622,mining,0.083,synthetic_demo
25.504729,85.00213,forest,0.881,synthetic_demo
25.679949,84.976374,mining,0.1,synthetic_demo
25.849032,85.080509,industrial,0.056,synthetic_demo
25.730352,85.039297,agriculture,0.539,synthetic_demo
25.688085,85.175679,forest,0.887,synthetic_demo
25.606948,84.875459,industrial,0.005,synthetic_demo
25.81612,85.039629,industrial,0.125,synthetic_demo
25.648767,85.290436,built_up,0.048,synthetic_demo
25.503747,84.819834,forest,0.836,synthetic_demo
25.596151,85.051536,agriculture,0.538,synthetic_demo
25.476867,85.163293,water,0.034,synthetic_demo
25.530792,85.288241,forest,0.784,synthetic_demo
25.457068,85.126582,industrial,0.003,synthetic_demo
25.631312,85.253466,industrial,0.102,synthetic_demo
25.703816,84.92248,industrial,0.181,synthetic_demo
25.587317,84.994045,agriculture,0.355,synthetic_demo
25.618153,85.318173,built_up,0.035,synthetic_demo
25.833684,85.287286,forest,0.802,synthetic_demo
25.750785,85.106874,industrial,0.101,synthetic_demo
25.666343,85.061519,agriculture,0.271,synthetic_demo
25.563816,85.048087,forest,0.648,synthetic_demo
25.808799,84.832334,agriculture,0.397,synthetic_demo
25.544039,85.290807,mining,0.1,synthetic_demo
25.580137,85.249982,forest,0.715,synthetic_demo
25.813626,85.050938,agriculture,0.469,synthetic_demo
25.661817,84.953692,built_up,0.165,synthetic_demo
25.746927,84.988606,built_up,0.07,synthetic_demo
25.686298,84.867738,built_up,0.141,synthetic_demo
25.711376,85.196984,built_up,0.086,synthetic_demo
25.569753,85.106168,agriculture,0.438,synthetic_demo
25.546549,84.928757,agriculture,0.5,synthetic_demo
25.578997,85.142653,built_up,0.145,synthetic_demo
25.512177,85.338577,built_up,0.19,synthetic_demo
25.799726,84.867317,built_up,0.068,synthetic_demo
25.563299,85.052167,forest,0.586,synthetic_demo
25.674596,85.071787,built_up,0.097,synthetic_demo
25.76679,84.891738,forest,0.741,synthetic_demo
25.76353,85.092369,industrial,0.046,synthetic_demo
25.625355,85.133287,forest,0.862,synthetic_demo
25.640503,84.886539,forest,0.83,synthetic_demo
25.847881,84.885098,built_up,0.109,synthetic_demo
25.719839,85.270992,forest,0.708,synthetic_demo
25.775855,84.971263,built_up,0.027,synthetic_demo
25.811022,85.146683,agriculture,0.492,synthetic_demo
25.765036,85.144725,industrial,0.119,synthetic_demo
25.524072,85.261544,forest,0.862,synthetic_demo
25.674868,85.206942,agriculture,0.475,synthetic_demo
25.490758,85.262317,built_up,0.048,synthetic_demo
25.711169,85.143868,forest,0.613,synthetic_demo
25.83214,85.047201,forest,0.606,synthetic_demo
25.655093,85.016462,forest,0.878,synthetic_demo
25.623189,85.008466,industrial,0.159,synthetic_demo
25.464337,85.030116,industrial,0.165,synthetic_demo
25.83391,84.87112,water,0.01,synthetic_demo
25.491201,85.033177,industrial,0.019,synthetic_demo
25.466432,85.014195,industrial,0.14,synthetic_demo
25.548427,84.819014,mining,0.106,synthetic_demo
25.476212,84.951322,built_up,0.06,synthetic_demo
25.632047,85.213549,agriculture,0.471,synthetic_demo
25.656435,85.11787,agriculture,0.548,synthetic_demo
25.575028,85.243392,mining,0.135,synthetic_demo
25.470384,85.098478,industrial,0.022,synthetic_demo
25.49464,85.269746,forest,0.862,synthetic_demo
25.603802,85.237837,mining,0.138,synthetic_demo
25.474211,84.854057,built_up,0.186,synthetic_demo
25.729276,85.337354,water,-0.199,synthetic_demo
25.532808,84.808111,forest,0.627,synthetic_demo
25.570829,85.128261,mining,0.104,synthetic_demo
25.60765,85.235881,forest,0.663,synthetic_demo
25.616644,84.982542,built_up,0.031,synthetic_demo
25.450664,85.129213,mining,0.114,synthetic_demo
25.494828,84.999167,industrial,0.006,synthetic_demo
25.795106,84.833338,forest,0.706,synthetic_demo
25.450493,84.804654,agriculture,0.676,synthetic_demo
25.653267,84.852174,built_up,0.099,synthetic_demo
25.645801,84.854125,industrial,0.182,synthetic_demo
25.583238,85.135989,mining,0.061,synthetic_demo
25.622531,85.089226,forest,0.671,synthetic_demo
25.762232,85.050505,agriculture,0.298,synthetic_demo
25.786481,85.180557,forest,0.675,synthetic_demo
25.554139,84.809254,mining,0.051,synthetic_demo
25.578996,84.949041,industrial,0.169,synthetic_demo
25.546993,85.227566,agriculture,0.664,synthetic_demo
25.641945,85.300487,industrial,0.004,synthetic_demo
25.723303,85.041085,mining,0.015,synthetic_demo
25.541301,84.844816,built_up,0.136,synthetic_demo
25.582294,85.239301,forest,0.72,synthetic_demo
25.822154,85.286844,forest,0.654,synthetic_demo
25.469428,85.027513,forest,0.641,synthetic_demo
25.634308,84.933845,agriculture,0.351,synthetic_demo
25.734623,84.824184,built_up,0.115,synthetic_demo
25.510182,85.125096,agriculture,0.258,synthetic_demo
25.46895,85.300428,agriculture,0.582,synthetic_demo
25.505282,85.172838,built_up,0.074,synthetic_demo
25.817529,84.974487,agriculture,0.442,synthetic_demo
25.453704,85.153589,industrial,0.105,synthetic_demo
25.525329,85.257638,industrial,0.042,synthetic_demo
25.462513,85.061707,forest,0.859,synthetic_demo
25.494252,85.250862,agriculture,0.557,synthetic_demo
25.69806,85.01555,industrial,0.174,synthetic_demo
25.546656,84.991678,agriculture,0.464,synthetic_demo
25.677685,85.120644,forest,0.701,synthetic_demo
25.686078,85.055578,built_up,0.063,synthetic_demo
25.789774,85.337412,industrial,0.109,synthetic_demo
25.451897,85.084014,agriculture,0.517,synthetic_demo
25.791348,85.011845,industrial,0.084,synthetic_demo
25.697648,85.017213,forest,0.601,synthetic_demo
25.515097,85.101367,industrial,0.055,synthetic_demo
25.759175,84.995202,agriculture,0.256,synthetic_demo
25.792197,85.197599,built_up,0.077,synthetic_demo
25.551705,85.009365,industrial,0.116,synthetic_demo
25.817517,85.011279,built_up,0.192,synthetic_demo
25.631783,85.139335,agriculture,0.33,synthetic_demo
25.69137,84.833466,agriculture,0.275,synthetic_demo
25.84386,85.160445,agriculture,0.383,synthetic_demo
25.594614,85.077735,forest,0.605,synthetic_demo
25.775264,85.049164,built_up,0.145,synthetic_demo
25.57736,85.195589,built_up,0.021,synthetic_demo
25.769685,85.217041,built_up,0.197,synthetic_demo
25.690294,85.265443,forest,0.849,synthetic_demo
25.536542,85.006142,built_up,0.108,synthetic_demo
25.61561,84.979871,industrial,0.184,synthetic_demo
25.577054,85.192888,agriculture,0.533,synthetic_demo
25.481243,85.119993,industrial,0.199,synthetic_demo
25.461934,85.147491,industrial,0.056,synthetic_demo
25.588591,85.105538,agriculture,0.699,synthetic_demo
25.457614,85.224981,mining,0.027,synthetic_demo
25.516195,84.904522,industrial,0.071,synthetic_demo
25.740073,85.105642,agriculture,0.671,synthetic_demo
25.733236,84.886956,agriculture,0.417,synthetic_demo
25.745432,85.023989,mining,0.031,synthetic_demo
25.576861,85.165197,built_up,0.031,synthetic_demo
25.806008,85.071189,industrial,0.03,synthetic_demo
25.687532,85.008775,industrial,0.071,synthetic_demo
25.500411,85.286734,agriculture,0.44,synthetic_demo
25.507487,85.225054,forest,0.74,synthetic_demo
25.727238,85.08946,mining,0.122,synthetic_demo
25.519178,85.322529,mining,0.002,synthetic_demo
25.652917,85.033401,mining,0.126,synthetic_demo
25.84671,85.23344,forest,0.752,synthetic_demo
25.451603,84.892365,built_up,0.156,synthetic_demo
25.456632,84.957186,built_up,0.156,synthetic_demo
25.847234,84.985947,industrial,0.181,synthetic_demo
25.683856,84.858201,forest,0.583,synthetic_demo
25.500764,85.075993,forest,0.75,synthetic_demo
25.808921,84.905743,forest,0.868,synthetic_demo
25.802152,85.148802,water,-0.02,synthetic_demo
25.66448,84.904551,built_up,0.037,synthetic_demo
25.698717,84.867928,forest,0.765,synthetic_demo
25.559275,85.332998,agriculture,0.61,synthetic_demo
25.470208,85.162032,industrial,0.055,synthetic_demo
25.687827,85.315048,forest,0.771,synthetic_demo
25.567902,85.069438,industrial,0.168,synthetic_demo
25.715448,84.818371,agriculture,0.486,synthetic_demo
25.784498,85.115904,built_up,0.055,synthetic_demo
25.457264,85.107081,built_up,0.119,synthetic_demo
25.688286,84.808237,mining,0.088,synthetic_demo
25.542512,85.273683,industrial,0.081,synthetic_demo
25.799555,85.140984,built_up,0.142,synthetic_demo
25.551466,85.20958,industrial,0.087,synthetic_demo
25.694308,85.071657,forest,0.857,synthetic_demo
25.671416,85.140121,agriculture,0.606,synthetic_demo
25.608467,84.941608,industrial,0.161,synthetic_demo
25.721048,85.335567,industrial,0.105,synthetic_demo
25.740308,85.020396,forest,0.619,synthetic_demo
25.676775,84.88928,industrial,0.145,synthetic_demo
25.753369,84.830753,mining,0.01,synthetic_demo
25.843367,85.149895,forest,0.731,synthetic_demo
25.617709,85.340859,agriculture,0.274,synthetic_demo
25.655833,85.292687,water,-0.068,synthetic_demo
25.454988,85.186158,agriculture,0.559,synthetic_demo
25.768411,85.344829,agriculture,0.439,synthetic_demo
25.658092,85.197556,mining,0.063,synthetic_demo
25.613185,84.986588,forest,0.593,synthetic_demo
25.487629,85.13067,industrial,0.06,synthetic_demo
25.805863,84.843872,agriculture,0.45,synthetic_demo
25.608003,84.921925,agriculture,0.639,synthetic_demo
25.723033,85.029647,built_up,0.182,synthetic_demo
25.50975,84.911,industrial,0.191,synthetic_demo
25.83462,85.324426,agriculture,0.295,synthetic_demo
25.521377,85.347579,built_up,0.073,synthetic_demo
25.529817,85.004015,water,-0.084,synthetic_demo
25.793593,85.190076,industrial,0.128,synthetic_demo
25.815033,85.024274,forest,0.796,synthetic_demo
25.534859,84.87673,mining,0.118,synthetic_demo
25.63792,84.98531,agriculture,0.473,synthetic_demo
25.743398,84.928354,industrial,0.111,synthetic_demo
25.801346,84.980443,industrial,0.192,synthetic_demo
25.601621,84.918262,built_up,0.063,synthetic_demo
25.656808,84.86179,agriculture,0.612,synthetic_demo
25.746687,84.919586,agriculture,0.57,synthetic_demo
25.742454,85.298166,mining,0.021,synthetic_demo
25.763184,84.846872,forest,0.874,synthetic_demo
25.677974,84.978616,industrial,0.171,synthetic_demo
25.491846,85.090647,agriculture,0.601,synthetic_demo
25.811589,84.994982,mining,0.019,synthetic_demo
25.796229,85.084684,forest,0.599,synthetic_demo
25.769239,84.823881,built_up,0.143,synthetic_demo
25.489945,85.156713,industrial,0.021,synthetic_demo
25.531759,85.109913,industrial,0.023,synthetic_demo
25.74744,85.174531,mining,0.06,synthetic_demo
25.459256,85.111992,industrial,0.001,synthetic_demo
25.84169,85.040847,industrial,0.144,synthetic_demo
25.600858,84.992578,built_up,0.117,synthetic_demo
25.737725,84.924539,forest,0.577,synthetic_demo
25.805028,85.075037,forest,0.74,synthetic_demo
25.607852,84.814329,built_up,0.03,synthetic_demo
25.577653,84.980532,industrial,0.014,synthetic_demo
25.693496,85.17283,built_up,0.107,synthetic_demo
25.682396,84.859794,forest,0.725,synthetic_demo
25.613656,84.83459,industrial,0.068,synthetic_demo
25.69071,85.158698,built_up,0.132,synthetic_demo
25.824153,85.018776,forest,0.686,synthetic_demo
25.637056,85.241004,mining,0.088,synthetic_demo
25.528697,85.315521,mining,0.052,synthetic_demo
25.600882,85.326372,built_up,0.149,synthetic_demo
25.607643,85.034076,forest,0.753,synthetic_demo
25.502443,84.94538,forest,0.606,synthetic_demo
25.515149,85.134738,mining,0.103,synthetic_demo
25.723825,85.145506,agriculture,0.603,synthetic_demo
25.585791,85.14229,built_up,0.032,synthetic_demo
25.831959,84.976978,built_up,0.13,synthetic_demo
25.547439,84.835063,forest,0.827,synthetic_demo
25.48957,84.915503,industrial,0.023,synthetic_demo
25.751402,84.884931,agriculture,0.656,synthetic_demo
25.802414,84.868145,agriculture,0.437,synthetic_demo
25.561245,85.309456,forest,0.808,synthetic_demo
25.530835,84.807616,agriculture,0.655,synthetic_demo
25.524306,85.131022,built_up,0.198,synthetic_demo
25.658805,85.321111,forest,0.754,synthetic_demo
25.637367,84.998029,forest,0.796,synthetic_demo
25.553776,85.089904,built_up,0.065,synthetic_demo
25.468069,85.182681,built_up,0.072,synthetic_demo
25.642597,84.974443,water,0.013,synthetic_demo
25.833733,85.062709,industrial,0.08,synthetic_demo
25.711008,85.249407,mining,0.123,synthetic_demo
25.648203,85.209946,built_up,0.029,synthetic_demo
25.494277,85.244647,built_up,0.059,synthetic_demo
25.550975,85.343037,forest,0.61,synthetic_demo
25.56791,85.00368,industrial,0.105,synthetic_demo
25.755921,85.2109,agriculture,0.286,synthetic_demo
25.800684,85.131532,forest,0.67,synthetic_demo
25.810657,85.166633,forest,0.895,synthetic_demo
25.843827,85.206931,mining,0.119,synthetic_demo
25.842947,85.212352,industrial,0.152,synthetic_demo
25.8312,85.28716,mining,0.02,synthetic_demo
25.478729,84.992127,agriculture,0.414,synthetic_demo
25.505117,85.159415,built_up,0.143,synthetic_demo
25.571787,84.95416,forest,0.558,synthetic_demo
25.671159,85.127013,agriculture,0.445,synthetic_demo
25.488791,85.213146,agriculture,0.668,synthetic_demo
25.788319,85.235051,mining,0.012,synthetic_demo
25.696702,85.031068,industrial,0.181,synthetic_demo
25.666946,85.079796,forest,0.618,synthetic_demo
25.516125,84.983617,mining,0.028,synthetic_demo
25.551302,84.89297,industrial,0.039,synthetic_demo
25.514125,84.943285,agriculture,0.669,synthetic_demo
25.790773,85.301675,industrial,0.121,synthetic_demo
25.683691,84.969933,industrial,0.15,synthetic_demo
25.744052,85.336118,agriculture,0.415,synthetic_demo
25.568413,84.932813,agriculture,0.643,synthetic_demo
25.598501,85.197689,agriculture,0.512,synthetic_demo
25.611942,85.115647,agriculture,0.52,synthetic_demo
25.754006,85.183279,built_up,0.155,synthetic_demo
25.758941,85.154177,water,-0.007,synthetic_demo
25.532725,85.188712,forest,0.789,synthetic_demo
25.826616,85.298051,forest,0.592,synthetic_demo
25.498262,85.109908,forest,0.853,synthetic_demo
25.808449,84.837317,built_up,0.067,synthetic_demo
25.490158,84.948954,forest,0.899,synthetic_demo
25.555816,85.18952,built_up,0.089,synthetic_demo
25.788591,85.071741,agriculture,0.304,synthetic_demo
25.521797,85.101704,agriculture,0.392,synthetic_demo
25.615427,85.128119,built_up,0.123,synthetic_demo
25.629944,85.010446,agriculture,0.426,synthetic_demo
25.548104,85.225643,agriculture,0.623,synthetic_demo
25.734098,85.197944,forest,0.789,synthetic_demo
25.790534,85.192865,agriculture,0.346,synthetic_demo
25.79983,85.193421,forest,0.739,synthetic_demo
25.585729,85.289697,built_up,0.162,synthetic_demo
25.66234,85.127466,forest,0.862,synthetic_demo
25.549363,85.33189,industrial,0.079,synthetic_demo
25.547919,84.865556,forest,0.874,synthetic_demo
25.514502,85.147577,agriculture,0.266,synthetic_demo
25.826008,85.19431,mining,0.102,synthetic_demo
25.805196,85.062471,forest,0.824,synthetic_demo
25.760943,84.958515,forest,0.699,synthetic_demo
25.657065,85.102521,agriculture,0.255,synthetic_demo
25.646243,85.000611,water,-0.028,synthetic_demo
25.661898,85.300018,built_up,0.082,synthetic_demo
25.664627,84.996236,industrial,0.03,synthetic_demo
25.623825,84.896639,agriculture,0.321,synthetic_demo
25.502702,85.117014,built_up,0.158,synthetic_demo
25.500266,85.017796,built_up,0.054,synthetic_demo
25.8309,84.852744,agriculture,0.468,synthetic_demo
25.642812,85.110663,built_up,0.195,synthetic_demo
25.831282,85.095816,agriculture,0.591,synthetic_demo
25.515431,84.895258,forest,0.742,synthetic_demo
25.671767,85.128701,industrial,0.106,synthetic_demo
25.533087,85.112047,forest,0.609,synthetic_demo
25.551274,85.225487,industrial,0.089,synthetic_demo
25.462022,84.998863,forest,0.601,synthetic_demo
25.497581,84.936818,built_up,0.035,synthetic_demo
25.816739,85.323171,built_up,0.04,synthetic_demo
25.578613,85.10867,industrial,0.121,synthetic_demo
25.693252,84.814927,industrial,0.039,synthetic_demo
25.636006,85.251391,built_up,0.047,synthetic_demo
25.61018,84.908217,agriculture,0.64,synthetic_demo
25.662754,85.23232,industrial,0.024,synthetic_demo
25.524896,85.187839,built_up,0.147,synthetic_demo
25.845442,85.332848,forest,0.696,synthetic_demo
25.777323,85.331069,industrial,0.116,synthetic_demo
25.746646,84.950926,built_up,0.024,synthetic_demo
25.637504,85.221547,agriculture,0.25,synthetic_demo
25.511151,84.97427,forest,0.836,synthetic_demo
25.818266,85.146059,built_up,0.106,synthetic_demo
25.586555,85.12876,mining,0.011,synthetic_demo
25.470043,84.829999,industrial,0.069,synthetic_demo
25.586961,84.80285,agriculture,0.478,synthetic_demo
25.767783,84.83177,forest,0.597,synthetic_demo
25.699083,84.870368,agriculture,0.496,synthetic_demo
25.750335,84.941709,agriculture,0.488,synthetic_demo
25.767454,85.298825,forest,0.761,synthetic_demo
25.534782,85.085248,industrial,0.162,synthetic_demo
25.819513,85.23829,built_up,0.094,synthetic_demo
25.625196,85.261071,forest,0.861,synthetic_demo
25.705605,85.204219,mining,0.071,synthetic_demo
25.450924,85.015262,forest,0.71,synthetic_demo
25.847347,85.275123,built_up,0.138,synthetic_demo
25.562359,85.208127,agriculture,0.528,synthetic_demo
25.474825,85.208733,forest,0.554,synthetic_demo
25.633305,85.295866,built_up,0.197,synthetic_demo
25.501612,85.129265,built_up,0.19,synthetic_demo
25.510931,85.090716,agriculture,0.377,synthetic_demo
25.702913,85.289589,agriculture,0.501,synthetic_demo
25.607171,85.049954,agriculture,0.597,synthetic_demo
25.818741,85.246364,agriculture,0.664,synthetic_demo
25.577663,84.829615,agriculture,0.514,synthetic_demo
25.740472,84.800709,built_up,0.023,synthetic_demo
25.63444,85.090561,forest,0.788,synthetic_demo
25.713981,84.840487,agriculture,0.292,synthetic_demo
25.689878,85.337099,agriculture,0.552,synthetic_demo
25.639114,84.803026,water,-0.053,synthetic_demo
25.830024,85.194982,forest,0.774,synthetic_demo
25.587085,84.933862,forest,0.616,synthetic_demo
25.520894,85.332154,industrial,0.099,synthetic_demo
25.721238,85.009848,built_up,0.131,synthetic_demo
25.788403,84.815006,agriculture,0.385,synthetic_demo
25.466101,84.814815,forest,0.614,synthetic_demo
25.629853,85.104355,forest,0.628,synthetic_demo
25.806995,85.342692,mining,0.129,synthetic_demo
25.749847,85.338875,agriculture,0.459,synthetic_demo
25.846723,84.9855,agriculture,0.547,synthetic_demo
25.662566,85.065487,industrial,0.103,synthetic_demo
25.713998,84.855251,industrial,0.167,synthetic_demo
25.570992,85.087197,industrial,0.102,synthetic_demo
25.829014,85.129836,forest,0.583,synthetic_demo
25.596534,84.938084,agriculture,0.339,synthetic_demo
25.745404,85.136663,forest,0.555,synthetic_demo
25.611256,85.294831,forest,0.841,synthetic_demo
25.674728,84.800525,industrial,0.133,synthetic_demo
25.737913,84.925914,forest,0.816,synthetic_demo
25.653574,84.915456,industrial,0.143,synthetic_demo
25.812835,84.868137,industrial,0.165,synthetic_demo
25.61772,84.891356,industrial,0.197,synthetic_demo
25.708829,85.144252,built_up,0.138,synthetic_demo
25.586945,84.856482,mining,0.038,synthetic_demo
25.613263,85.206192,agriculture,0.296,synthetic_demo
25.62602,85.287862,industrial,0.118,synthetic_demo
25.500323,85.309623,water,-0.007,synthetic_demo
25.486689,85.163097,water,-0.06,synthetic_demo
25.716996,84.908568,agriculture,0.387,synthetic_demo
25.712207,84.846913,industrial,0.144,synthetic_demo
25.715164,84.927614,built_up,0.101,synthetic_demo
25.457907,85.329076,water,-0.128,synthetic_demo
25.580619,85.32929,built_up,0.171,synthetic_demo
25.529124,85.010055,agriculture,0.509,synthetic_demo
25.761261,84.979185,agriculture,0.378,synthetic_demo
25.794252,85.080506,water,-0.118,synthetic_demo
25.548672,84.960428,industrial,0.114,synthetic_demo
25.71714,85.338814,industrial,0.085,synthetic_demo
25.501745,84.921672,built_up,0.049,synthetic_demo
25.560061,85.003028,industrial,0.122,synthetic_demo
25.505462,85.036154,forest,0.791,synthetic_demo
25.563408,84.868785,forest,0.55,synthetic_demo
25.719895,85.010554,forest,0.738,synthetic_demo
25.814131,85.271202,industrial,0.115,synthetic_demo
25.531009,84.877199,agriculture,0.399,synthetic_demo
25.666832,85.121212,agriculture,0.402,synthetic_demo
25.730556,85.02365,agriculture,0.393,synthetic_demo
25.831169,84.893795,forest,0.706,synthetic_demo
25.694024,84.806785,mining,0.122,synthetic_demo
25.552043,84.950339,agriculture,0.461,synthetic_demo
25.700191,84.834006,water,0.048,synthetic_demo
25.578196,85.007223,forest,0.682,synthetic_demo
25.840451,85.245615,industrial,0.14,synthetic_demo
25.60987,85.195827,built_up,0.119,synthetic_demo
25.724171,85.321061,built_up,0.157,synthetic_demo
25.459291,85.034858,industrial,0.178,synthetic_demo
25.610025,85.189291,agriculture,0.48,synthetic_demo
25.800043,85.165938,built_up,0.109,synthetic_demo
25.694091,84.919375,industrial,0.189,synthetic_demo
25.627577,84.96697,agriculture,0.67,synthetic_demo
25.824375,85.091406,forest,0.899,synthetic_demo
25.791594,85.238162,industrial,0.031,synthetic_demo
25.578886,85.053997,mining,0.001,synthetic_demo
25.667819,84.925258,agriculture,0.447,synthetic_demo
25.64593,85.346406,built_up,0.152,synthetic_demo
25.702881,84.863568,built_up,0.033,synthetic_demo
25.583645,85.325739,water,-0.107,synthetic_demo
25.547682,85.244975,agriculture,0.512,synthetic_demo
25.815069,85.261391,agriculture,0.346,synthetic_demo
25.81955,85.237205,forest,0.806,synthetic_demo
25.787329,84.914494,agriculture,0.353,synthetic_demo
25.841282,85.14792,agriculture,0.628,synthetic_demo
25.747997,85.216212,built_up,0.083,synthetic_demo
25.755867,85.210127,forest,0.76,synthetic_demo
25.755036,84.949361,industrial,0.109,synthetic_demo
25.642243,84.899616,mining,0.044,synthetic_demo
25.632581,84.980468,built_up,0.099,synthetic_demo
25.546091,85.063914,forest,0.846,synthetic_demo
25.707928,85.115579,built_up,0.119,synthetic_demo
25.565728,85.260323,agriculture,0.275,synthetic_demo
25.553123,85.222969,built_up,0.148,synthetic_demo
25.684385,85.171883,forest,0.614,synthetic_demo
25.613993,84.944919,agriculture,0.469,synthetic_demo
25.537543,85.063384,industrial,0.094,synthetic_demo
25.776422,84.98449,industrial,0.097,synthetic_demo
25.794228,84.92921,built_up,0.026,synthetic_demo
25.51708,84.805635,forest,0.645,synthetic_demo
25.453003,84.986704,industrial,0.01,synthetic_demo
25.584452,84.940864,industrial,0.083,synthetic_demo
25.769004,85.114546,agriculture,0.53,synthetic_demo
25.78567,84.834266,built_up,0.138,synthetic_demo
25.505332,84.948786,forest,0.573,synthetic_demo
25.759734,84.824623,built_up,0.041,synthetic_demo
25.496282,85.15278,mining,0.099,synthetic_demo
25.606025,85.112504,forest,0.736,synthetic_demo
25.849444,84.985614,built_up,0.17,synthetic_demo
25.527036,84.881034,industrial,0.041,synthetic_demo
25.511585,85.326856,agriculture,0.304,synthetic_demo
25.61912,85.121416,industrial,0.072,synthetic_demo
25.697867,85.173512,industrial,0.127,synthetic_demo
25.82316,85.092242,industrial,0.097,synthetic_demo
25.842328,85.243593,industrial,0.02,synthetic_demo
25.477856,85.293009,built_up,0.033,synthetic_demo
25.505199,85.010491,agriculture,0.555,synthetic_demo
25.766295,85.179514,mining,0.045,synthetic_demo
25.558253,84.926438,agriculture,0.551,synthetic_demo
25.80394,85.15852,agriculture,0.383,synthetic_demo
25.715381,85.019536,industrial,0.063,synthetic_demo
25.494738,84.80373,agriculture,0.344,synthetic_demo
25.783012,85.32554,forest,0.894,synthetic_demo
25.520543,85.277643,mining,0.002,synthetic_demo
25.619398,84.95996,mining,0.019,synthetic_demo
25.670874,85.348767,industrial,0.167,synthetic_demo
25.650306,84.97442,agriculture,0.312,synthetic_demo
25.724465,85.052364,agriculture,0.376,synthetic_demo
25.711075,85.268192,agriculture,0.368,synthetic_demo
25.846817,84.967528,industrial,0.139,synthetic_demo
25.849769,85.047797,built_up,0.094,synthetic_demo
25.656584,85.166073,built_up,0.171,synthetic_demo
25.48808,84.871757,forest,0.812,synthetic_demo
25.741137,85.032293,agriculture,0.489,synthetic_demo
25.840666,84.970175,industrial,0.05,synthetic_demo
25.577331,85.172226,mining,0.119,synthetic_demo
25.634484,84.874783,industrial,0.173,synthetic_demo
25.619911,84.928002,forest,0.843,synthetic_demo
25.470568,85.191257,forest,0.568,synthetic_demo
25.718906,84.885923,built_up,0.146,synthetic_demo
25.591335,85.032111,built_up,0.147,synthetic_demo
25.764986,85.192084,industrial,0.189,synthetic_demo
25.782848,85.221008,industrial,0.053,synthetic_demo
25.778492,84.852185,built_up,0.162,synthetic_demo
25.616666,85.268598,agriculture,0.56,synthetic_demo
25.578618,85.198185,industrial,0.176,synthetic_demo
25.749528,84.986612,water,-0.027,synthetic_demo
25.770556,85.220092,industrial,0.17,synthetic_demo
25.646503,85.200564,agriculture,0.412,synthetic_demo
25.807212,85.13049,forest,0.605,synthetic_demo
25.507563,85.107165,built_up,0.085,synthetic_demo
25.801628,85.204087,built_up,0.167,synthetic_demo
25.488438,85.349593,forest,0.596,synthetic_demo
25.51141,85.118204,built_up,0.135,synthetic_demo
25.663536,85.244795,mining,0.148,synthetic_demo
25.477007,85.209351,built_up,0.181,synthetic_demo
25.471123,85.270695,agriculture,0.552,synthetic_demo
25.450207,85.324989,agriculture,0.607,synthetic_demo
25.624527,84.906196,mining,0.017,synthetic_demo
25.75985,84.891003,industrial,0.1,synthetic_demo
25.463935,85.122494,industrial,0.106,synthetic_demo
25.710903,85.047112,forest,0.824,synthetic_demo
25.779251,85.113897,built_up,0.071,synthetic_demo
25.5172,85.238924,industrial,0.021,synthetic_demo
25.508745,85.312443,forest,0.794,synthetic_demo
25.79432,85.029579,agriculture,0.472,synthetic_demo
25.77925,85.194863,industrial,0.168,synthetic_demo
25.665577,84.90824,forest,0.719,synthetic_demo
25.77768,85.094004,agriculture,0.631,synthetic_demo
25.487102,84.811993,forest,0.728,synthetic_demo
25.607793,85.077063,water,-0.004,synthetic_demo
25.745119,85.099935,industrial,0.144,synthetic_demo
25.552981,85.204495,built_up,0.068,synthetic_demo
25.750932,85.157217,agriculture,0.389,synthetic_demo
25.651671,84.997118,industrial,0.18,synthetic_demo
25.750106,84.803152,industrial,0.046,synthetic_demo
25.635872,84.863517,agriculture,0.564,synthetic_demo
25.597162,85.335183,forest,0.601,synthetic_demo
25.537676,85.307283,forest,0.814,synthetic_demo
25.533352,84.978801,water,-0.144,synthetic_demo
25.750596,84.942369,agriculture,0.517,synthetic_demo
25.497564,85.040029,mining,0.085,synthetic_demo
25.484393,85.179467,industrial,0.041,synthetic_demo
25.520517,84.996255,industrial,0.098,synthetic_demo
25.520139,84.837012,agriculture,0.646,synthetic_demo
25.779243,85.021537,forest,0.788,synthetic_demo
25.609403,84.943324,industrial,0.199,synthetic_demo
25.846155,84.978712,industrial,0.157,synthetic_demo
25.504885,84.889626,industrial,0.129,synthetic_demo
25.711416,85.162362,built_up,0.121,synthetic_demo
25.629492,85.089647,forest,0.878,synthetic_demo
25.607167,84.948975,water,-0.068,synthetic_demo
25.800034,85.104624,industrial,0.081,synthetic_demo
25.840238,85.070989,forest,0.842,synthetic_demo
25.799144,85.237786,forest,0.879,synthetic_demo
25.52692,85.325791,agriculture,0.466,synthetic_demo
25.538319,84.871869,mining,0.021,synthetic_demo
25.71243,85.286152,built_up,0.13,synthetic_demo
25.565633,85.187638,industrial,0.148,synthetic_demo
25.74389,85.180904,agriculture,0.418,synthetic_demo
